{"cameraMode":{"drawMode":0,"name":"Shaded","section":"Shading Mode"},"sceneLighting":false,"audioPlay":false,"sceneViewState":{"m_AlwaysRefresh":false,"showFog":true,"showSkybox":false,"showFlares":true,"showImageEffects":true,"showParticleSystems":true,"showVisualEffectGraphs":true,"m_FxEnabled":true},"in2DMode":false,"pivot":{"x":0.9984649419784546,"y":2.4763400554656984,"z":0.7429335117340088},"rotation":{"x":0.007929415442049504,"y":-0.9891791939735413,"z":0.13172797858715058,"w":0.06922519952058792},"size":3.809974431991577,"orthographic":false}